{"stats":{"minecraft:crafted":{"minecraft:oak_planks":16,"minecraft:diamond_sword":1,"minecraft:diamond_pickaxe":1,"minecraft:shield":1,"minecraft:crafting_table":1,"minecraft:stick":4},"minecraft:picked_up":{"minecraft:jungle_planks":3,"minecraft:sand":2,"minecraft:oak_log":4,"minecraft:crimson_planks":1,"minecraft:dirt":11,"minecraft:spruce_slab":1,"minecraft:sugar_cane":14,"minecraft:oak_planks":2},"minecraft:custom":{"minecraft:time_since_rest":745,"minecraft:sprint_one_cm":28263,"minecraft:damage_taken":750,"minecraft:walk_one_cm":18917,"minecraft:damage_blocked_by_shield":75,"minecraft:drop":1,"minecraft:damage_dealt":389,"minecraft:interact_with_crafting_table":2,"minecraft:fly_one_cm":42045,"minecraft:open_chest":5,"minecraft:crouch_one_cm":2417,"minecraft:play_time":14942,"minecraft:deaths":3,"minecraft:sneak_time":933,"minecraft:jump":170,"minecraft:leave_game":4,"minecraft:time_since_death":717,"minecraft:total_world_time":14942,"minecraft:fall_one_cm":3436},"minecraft:dropped":{"minecraft:dirt":1},"minecraft:killed_by":{"minecraft:vindicator":1},"minecraft:used":{"minecraft:diamond_pickaxe":1,"minecraft:spruce_slab":1,"minecraft:oak_planks":5,"minecraft:shield":1,"minecraft:crimson_planks":1,"minecraft:diamond_sword":1,"minecraft:dirt":8,"minecraft:sand":2,"minecraft:crafting_table":1,"minecraft:jungle_planks":2},"minecraft:mined":{"minecraft:grass_block":11,"minecraft:oak_log":4,"minecraft:jungle_planks":3,"minecraft:dirt":4,"minecraft:sand":2,"minecraft:crimson_planks":1,"minecraft:packed_ice":5,"minecraft:sugar_cane":1,"minecraft:oak_planks":2,"minecraft:spruce_slab":1,"minecraft:spawner":1}},"DataVersion":3465}