{"stats":{"minecraft:crafted":{"minecraft:oak_planks":16,"minecraft:diamond_sword":1,"minecraft:diamond_pickaxe":1,"minecraft:crafting_table":1,"minecraft:stick":4},"minecraft:picked_up":{"minecraft:jungle_planks":2,"minecraft:sand":2,"minecraft:oak_log":4,"minecraft:crimson_planks":1,"minecraft:spruce_slab":1,"minecraft:sugar_cane":14,"minecraft:dirt":4},"minecraft:custom":{"minecraft:open_chest":2,"minecraft:time_since_rest":4754,"minecraft:crouch_one_cm":1274,"minecraft:play_time":10118,"minecraft:sprint_one_cm":16210,"minecraft:walk_one_cm":12253,"minecraft:damage_taken":275,"minecraft:deaths":1,"minecraft:sneak_time":617,"minecraft:jump":121,"minecraft:damage_dealt":121,"minecraft:leave_game":1,"minecraft:time_since_death":4730,"minecraft:total_world_time":10118,"minecraft:interact_with_crafting_table":1,"minecraft:fall_one_cm":1999,"minecraft:fly_one_cm":35479},"minecraft:used":{"minecraft:dirt":4,"minecraft:sand":2,"minecraft:crafting_table":1,"minecraft:jungle_planks":1,"minecraft:spruce_slab":1,"minecraft:oak_planks":3},"minecraft:mined":{"minecraft:oak_log":4,"minecraft:grass_block":4,"minecraft:jungle_planks":2,"minecraft:sand":2,"minecraft:crimson_planks":1,"minecraft:packed_ice":5,"minecraft:sugar_cane":1,"minecraft:spruce_slab":1}},"DataVersion":3465}