{
  "stellarity:cursed_tome/root": {
    "criteria": {
      "requirement": "2024-10-11 21:06:26 +0000"
    },
    "done": true
  },
  "minecraft:recipes/decorations/crafting_table": {
    "criteria": {
      "unlock_right_away": "2024-10-11 21:06:26 +0000"
    },
    "done": true
  },
  "stellarity:dragons_den/cursed_tome/root": {
    "criteria": {
      "requirement": "2024-10-11 21:06:26 +0000"
    },
    "done": true
  },
  "dungeons_arise:wda_root": {
    "criteria": {
      "WDA": "2024-10-11 21:06:26 +0000"
    },
    "done": true
  },
  "minecraft:adventure/adventuring_time": {
    "criteria": {
      "minecraft:frozen_river": "2024-10-11 21:07:24 +0000",
      "minecraft:ice_spikes": "2024-10-11 21:06:28 +0000",
      "minecraft:snowy_beach": "2024-10-11 21:07:22 +0000"
    },
    "done": false
  },
  "DataVersion": 3465
}